Roll no.,Name Surname,Age,Gender,Students id,Grade,Email,Phone,Major
99,Ömer Faruk Zeybek,21,Male,150220743,3.9,zeybeko22@itu.edu.tr,05442848815,Artificial Intelligence And Data Engineering
7,Sueda Akkuş,20,Female,150220742,3.8,suedakkus@itu.edu.tr,05511517093,Computer Engineering
40,Yusuf İnci,20,Male,150220745,3.2,yusufinci@itu.edu.tr,05442848812,Mechanical Engineering
9,Halit Dal,20,Male,150220991,4.0,halitdal@itu.edu.tr,05112011209,Control And Automation Engineering
1,Gökhan Dalak,23,Male,150220813,2.0,gokhandalak@itu.edu.tr,05442911510,Computer Engineering
30,Ali Zeybek,29,Male,150220131,1.0,ali@itu.edu.tr,05442808815,Industrial Engineering
11,Mehmet Zeybek,29,Male,150999110,4.0,mehmet@itu.edu.tr,05055927712,Computer Engineering
12,Ayla Yıldız,34,Female,030210881,2.0,ayla@itu.edu.tr,05442118819,Mechanical Engineering
98,Kübra Bilgin,29,Female,020666717,4.0,kubra@itu.edu.tr,05511519090,Industrial Engineering
45,Xabi Alonso,27,Male,510220888,4.0,alonso@itu.edu.tr,29999999911,Artificial Intelligence And Data Engineering
100,Margot Robbie,27,Female,411911911,2.1,robbie@itu.edu.tr,61190901791,Control And Automation Engineering
22,Johnny Depp,23,Male,331313131,2.2,depp@itu.edu.tr,44211124441,Industrial Engineering
66,Deniz Bilgin,19,Female,150220113,4.0,deniz22@itu.edu.tr,05449911819,Computer Engineering
43,Barlas Bilgin,19,Male,050991991,3.0,bilgin22@itu.edu.tr,05449919911,Artificial Intelligence And Data Engineering
192,Muhammed Özkul,21,Male,0702231121,2.7,ozkul@itu.edu.tr,05442841123,Composing
291,Berat Yıkılmaz,88,Male,061314670,3.2,yıkılmaz@itu.edu.tr,5323221349,Mineral Processing Engineering
512,Ömer Faruk Zeybek,23,Male,311231200,4.0,zeybek12@itu.edu.tr,5442841234,Composing
51,Kerem Yılmaz,24,Male,40302011,3.7,yilmaz24@itu.edu.tr,91145199121,Mineral Processing Engineering
